"選挙区名","定数","候補者 氏","ミドルネーム","候補者 名","候補者 氏 ふりがな","候補者 名 ふりがな","年齢","党派名","候補者のウェブサイト等のアドレス"
"北海道選挙区","3名","高橋",,"はるみ","たかはし",,"71歳","自由民主党","https://haruchan.jp/"
"北海道選挙区","3名","田中",,"よしひと","たなか",,"53歳","参政党","https://tanakay.net/"
"北海道選挙区","3名","小野寺",,"まさる","おのでら",,"61歳","日本保守党","https://x.com/onoderamasaru"
"北海道選挙区","3名","後藤",,"朋子","ごとう","ともこ","55歳","ＮＨＫ党","https://x.com/6yfMFVOoGl34056"
"北海道選挙区","3名","宮内",,"しおり","みやうち",,"33歳","日本共産党","https://miyauchishiori.hp.peraichi.com/"
"北海道選挙区","3名","岩本",,"剛人","いわもと","つよひと","60歳","自由民主党","https://tsuyohito.jp/"
"北海道選挙区","3名","稲原",,"むねよし","いなはら",,"36歳","チームみらい","https://team-mir.ai/"
"北海道選挙区","3名","鈴木",,"まさき","すずき",,"33歳","国民民主党","https://suzuki-masaki.my.canva.site"
"北海道選挙区","3名","勝部",,"けんじ","かつべ",,"65歳","立憲民主党","https://katsube-kenji.jp/"
"北海道選挙区","3名","オカダ",,"美輪子",,"みわこ","45歳","日本維新の会","https://x.com/okdvibe_da_ze?s=11"
"北海道選挙区","3名","高杉",,"やすじ","たかすぎ",,"56歳","日本改革党","https://x.com/takasugihokkaid"
"北海道選挙区","3名","のむら","パターソン","和孝",,"かずたか","40歳","れいわ新選組","https://hokkaidou.jp"
"青森県選挙区","1名","滝沢",,"もとめ",,,"66歳","自由民主党","https://www.takisawamotome.com"
"青森県選挙区","1名","福士",,"ますみ",,,"60歳","立憲民主党","https://fukushimasumi.jp/"
"青森県選挙区","1名","加藤",,"つとむ","かとう",,"65歳","参政党","https://note.com/kato_tsutomu"
"青森県選挙区","1名","おぎの",,"優子",,"ゆうこ","33歳","日本共産党",
"青森県選挙区","1名","佐々木",,"晃","ささき","あきら","53歳","ＮＨＫ党",
"岩手県選挙区","1名","吉田",,"博信","よしだ","ひろのぶ","59歳","ＮＨＫ党","https://x.com/alexand0625"
"岩手県選挙区","1名","横沢",,"たかのり","よこさわ",,"53歳","立憲民主党","https://yokosawa.net/"
"岩手県選挙区","1名","及川",,"たいすけ","おいかわ",,"46歳","参政党","https://taisuke.hp.peraichi.com/"
"岩手県選挙区","1名","平野",,"たつお","ひらの",,"71歳","自由民主党","https://tatuo.iwate.jp"
"岩手県選挙区","1名","角野",,"なすか","すみの",,"35歳","チームみらい","https://team-mir.ai"
"岩手県選挙区","1名","石井",,"よしひこ","いしい",,"62歳","れいわ新選組","https://go2senkyo.com/seijika/191537"
"岩手県選挙区","1名","石垣",,"のりこ","いしがき",,"50歳","立憲民主党","https://norikorock.com"
"岩手県選挙区","1名","ローレンス",,"綾子",,"あやこ","55歳","参政党","https://www.lawrenceayako.com"
"岩手県選挙区","1名","石川",,"光次郎","いしかわ","みつじろう","58歳","自由民主党","https://i3226.com"
"岩手県選挙区","1名","中村",,"高志","なかむら","たかし","65歳","無所属",
"岩手県選挙区","1名","前田",,"太一","まえだ","たいち","39歳","ＮＨＫ党","https://syoha-senkyo.jp"
"秋田県選挙区","1名","本田",,"幸久","ほんだ","ゆきひさ","43歳","ＮＨＫ党",
"秋田県選挙区","1名","さとう",,"みわこ",,,"65歳","参政党","https://satou-miwako-1.jimdosite.com/"
"秋田県選挙区","1名","なかいずみ",,"松司",,"まつじ","46歳","自由民主党","https://www.nakaizumimatsuji.com/"
"秋田県選挙区","1名","てらた",,"しずか",,,"50歳","無所属","https://teratashizuka.com/"
"山形県選挙区","1名","はが",,"道也",,"みちや","67歳","無所属","https://www.hagamichiya.com/"
"山形県選挙区","1名","佐藤",,"ともあき","さとう",,"52歳","参政党","https://sanseito.jp/election_member/sato
tomoaki/"
"山形県選挙区","1名","大内",,"りか","おおうち",,"62歳","自由民主党","http://www.oouchirika.com/"
"山形県選挙区","1名","三井寺",,"修","みいでら","おさむ","45歳","日本共産党","https://miidera-osamu.net"
"山形県選挙区","1名","大貫",,"学","おおぬき","まなぶ","67歳","ＮＨＫ党",
"福島県選挙区","1名","大山",,"りさこ","おおやま",,"51歳","参政党","https://x.com/risa0yama"
"福島県選挙区","1名","越智",,"寛之","おち","ひろゆき","51歳","ＮＨＫ党","https://x.com/hochi2019"
"福島県選挙区","1名","森",,"まさこ","もり",,"60歳","自由民主党","http://morimasako.com"
"福島県選挙区","1名","石原",,"洋三郎","いしはら","ようざぶろう","52歳","立憲民主党","https://ishihara-yozaburo.com/"
"福島県選挙区","1名","遠藤",,"雄大","えんどう","ゆうだい","40歳","無所属",
"茨城県選挙区","2名","さくらい",,"しょうこ",,,"41歳","参政党","https://sanseito.jp/election_member/sak
uraishoko/"
"茨城県選挙区","2名","牧山",,"やすし","まきやま",,"65歳","無所属","https://www.govcna.com"
"茨城県選挙区","2名","石井",,"憲一郎","いしい","けんいちろう","58歳","日本改革党","https://x.com/fromstageright"
"茨城県選挙区","2名","北崎",,"せりな","きたさき",,"35歳","日本維新の会",
"茨城県選挙区","2名","おぬま",,"たくみ",,,"39歳","立憲民主党","https://www.onumatakumi.com"
"茨城県選挙区","2名","上月",,"りょうすけ","こうづき",,"62歳","自由民主党","https://www.kouzuki-r.com/"
"茨城県選挙区","2名","高橋",,"誠一郎","たかはし","せいいちろう","30歳","日本共産党","https://takahashi-seiichiro.com"
"茨城県選挙区","2名","酒井",,"明男","さかい","あきお","50歳","ＮＨＫ党","https://x.com/nhk00947683"
"栃木県選挙区","1名","大森",,"紀明","おおもり","のりあき","54歳","参政党","https://sanseito.jp/election_member/oo
morinoriaki/"
"栃木県選挙区","1名","板津",,"ゆか","いたづ",,"37歳","立憲民主党","https://yukaitazu.com/"
"栃木県選挙区","1名","高橋",,"かつのり","たかはし",,"67歳","自由民主党","https://www.katsunori.info"
"栃木県選挙区","1名","福田",,"みちお","ふくだ",,"66歳","日本共産党","https://www.instagram.com/mich.20190
107"
"栃木県選挙区","1名","高橋",,"真佐子","たかはし","まさこ","60歳","ＮＨＫ党","https://ameblo.jp/masako-himeyuri/"
"栃木県選挙区","1名","笠間",,"慎一郎","かさま","しんいちろう","76歳","無所属",
"群馬県選挙区","1名","青木",,"ひとみ","あおき",,"44歳","参政党","https://sanseito.jp/election_member/aok
ihitomi/"
"群馬県選挙区","1名","清水",,"まさと","しみず",,"50歳","自由民主党","https://shimizumasato.com"
"群馬県選挙区","1名","井田",,"雅彦","いだ","まさひこ","49歳","無所属連合","https://wifipower.my.canva.site/masahik
oida"
"群馬県選挙区","1名","高橋",,"たもつ","たかはし",,"67歳","日本共産党","http://jcp-gunma.o.oo7.jp"
"群馬県選挙区","1名","河村",,"まさたけ","かわむら",,"52歳","立憲民主党","http://tiger-kawamura.com/"
"群馬県選挙区","1名","上楽",,"宗之","じょうらく","むねゆき","46歳","ＮＨＫ党","https://www.syoha.jp/"
"群馬県選挙区","1名","からしま",,"みき",,,"49歳","無所属","https://karashimamiki.jp"
"埼玉県選挙区","4名","江原",,"くみ子","えはら","くみこ","54歳","国民民主党","https://www.eharakumiko.net"
"埼玉県選挙区","4名","津村",,"大作","つむら","だいさく","51歳","日本改革党",
"埼玉県選挙区","4名","伊藤",,"岳","いとう","がく","65歳","日本共産党","http://ito-gaku.jp/"
"埼玉県選挙区","4名","矢倉",,"かつお","やくら",,"50歳","公明党","https://yakura-katsuo.jp/"
"埼玉県選挙区","4名","武藤",,"かず子","むとう","かずこ","43歳","チームみらい","https://team-mir.ai/"
"埼玉県選挙区","4名","増山",,"ゆうか","ますやま",,"42歳","日本誠真会","https://x.com/Ravin_PFRRG"
"埼玉県選挙区","4名","高井",,"たまき","たかい",,"54歳","社会民主党",
"埼玉県選挙区","4名","山田",,"信一","やまだ","しんいち","54歳","ＮＨＫ党","https://go2senkyo.com/seijika/184187"
"埼玉県選挙区","4名","桜井",,"ななえ","さくらい",,"50歳","れいわ新選組","https://sakurai-nanae.com"
"埼玉県選挙区","4名","くまがい",,"裕人",,"ひろと","63歳","立憲民主党","https://www.kumachan55.jp"
"埼玉県選挙区","4名","りゅうの",,"まゆみ",,,"52歳","日本維新の会","https://x.com/ishinryuno"
"埼玉県選挙区","4名","古川",,"俊治","ふるかわ","としはる","62歳","自由民主党","https://www.toshiharu-furukawa.jp"
"埼玉県選挙区","4名","大津",,"力","おおつ","つとむ","53歳","参政党","https://go2senkyo.com/seijika/143335"
"埼玉県選挙区","4名","斉藤",,"よしひで","さいとう",,"52歳","無所属",
"埼玉県選挙区","4名","石濱",,"哲信","いしはま","てつのぶ","74歳","日本保守党","https://nht.jp"
"千葉県選挙区","3名","山本",,"なつみ","やまもと",,"36歳","れいわ新選組","https://profu.link/u/yamamoto723"
"千葉県選挙区","3名","なかや",,"めぐ",,,"43歳","参政党","https://sanseito.jp/election_member/nak
ayamegu/"
"千葉県選挙区","3名","小林",,"しゅうへい","こばやし",,"34歳","チームみらい","https://team-mir.ai/"
"千葉県選挙区","3名","大すき",,"ゆうや","おおすき",,"36歳","無所属","https://chiba-ichihara-politics.jp/"
"千葉県選挙区","3名","中野",,"ともあき","なかの",,"48歳","無所属連合","https://nakanotomoaki.hp.peraichi.com"
"千葉県選挙区","3名","白石",,"ちよ","しらいし",,"49歳","日本共産党","https://www.youtube.com/@shiraishichiy
o"
"千葉県選挙区","3名","石井",,"準一","いしい","じゅんいち","67歳","自由民主党","http://www.ishii-junichi.com/"
"千葉県選挙区","3名","石塚",,"さだみち","いしづか",,"58歳","日本維新の会","https://ishizuka-sadamichi.com/"
"千葉県選挙区","3名","長浜",,"ひろゆき","ながはま",,"66歳","立憲民主党","https://www.nagahamahiroyuki.com"
"千葉県選挙区","3名","小林",,"さやか","こばやし",,"41歳","国民民主党","https://sayakakobayashi.com"
"千葉県選挙区","3名","小笠原",,"裕","おがさわら","ひろし","62歳","日本の家庭を守る会","https://nihonkatei.jp/"
"千葉県選挙区","3名","玉元",,"弘次","たまもと","ひろつぐ","63歳","ＮＨＫ党",
"千葉県選挙区","3名","橋本",,"直久","はしもと","なおひさ","61歳","日本誠真会","https://www.facebook.com/naohisa.hashi
moto.52"
"千葉県選挙区","3名","豊田",,"俊郎","とよだ","としろう","72歳","自由民主党","https://toyodatoshiro.jp"
"千葉県選挙区","3名","江田",,"よしまさ","えだ",,"48歳","日本改革党","https://www.nihonkaikaku.com/"
"千葉県選挙区","3名","大塚",,"京子","おおつか","きょうこ","68歳","無所属",
"東京都選挙区","6名(1名)","吉良",,"よし子","きら","よしこ","42歳","日本共産党","https://kirayoshiko.com"
"東京都選挙区","6名(1名)","山本",,"ジョージ","やまもと",,"62歳","れいわ新選組","https://george-yamamoto.tokyo"
"東京都選挙区","6名(1名)","吉永",,"アイ","よしなが",,"50歳","無所属","https://youtube.com/channel/UCAOYUi
KJ4VrmFnEBVIRJ9wQ"
"東京都選挙区","6名(1名)","土居",,"けんしん","どい",,"53歳","無所属","https://x.gd/Rl2Jt"
"東京都選挙区","6名(1名)","藤川",,"ひろあき","ふじかわ",,"53歳","日本改革党","https://www.nihonkaikaku.com"
"東京都選挙区","6名(1名)","西",,"みゆか","にし",,"53歳","社会民主党","https://www.sdp-tokyo.org"
"東京都選挙区","6名(1名)","小坂",,"英二","こさか","えいじ","52歳","日本保守党","https://x.com/kosakaeiji"
"東京都選挙区","6名(1名)","さ",,"や",,,"43歳","参政党","https://sayanokai.jp/"
"東京都選挙区","6名(1名)","みねしま",,"侑也",,"ゆうや","35歳","チームみらい","https://team-mir.ai/"
"東京都選挙区","6名(1名)","たけみ",,"敬三",,"けいぞう","73歳","自由民主党","http://www.takemi.net"
"東京都選挙区","6名(1名)","おくむら",,"まさよし",,,"47歳","立憲民主党","https://okkun.jp/"
"東京都選挙区","6名(1名)","牛田",,"まゆ","うしだ",,"40歳","国民民主党","https://ushidamayu.info/"
"東京都選挙区","6名(1名)","酒井",,"ともひろ","さかい",,"55歳","みんなでつくる党","https://sakai-tomohiro.com"
"東京都選挙区","6名(1名)","福村",,"康㇁","ふくむら","やすひろ","68歳","世界平和党",
"東京都選挙区","6名(1名)","桑島",,"康文","くわじま","やすふみ","64歳","核融合党","https://kuwaj.com"
"東京都選挙区","6名(1名)","渋谷",,"りく","しぶや",,"40歳","新党やまと",
"東京都選挙区","6名(1名)","奥村",,"よしひろ","おくむら",,"31歳","国民民主党","https://yoshihiro-okumura.com/"
"東京都選挙区","6名(1名)","吉田",,"あや","よしだ",,"40歳","再生の道","https://sites.google.com/view/ayayoshida"
"東京都選挙区","6名(1名)","鈴木",,"大地","すずき","だいち","58歳","自由民主党","https://daichi55.com/"
"東京都選挙区","6名(1名)","塩村",,"あやか","しおむら",,"47歳","立憲民主党","https://shiomura-ayaka.com"
"東京都選挙区","6名(1名)","よしざわ",,"恵理",,"えり","55歳","無所属","https://www.eyoshizawa.com/"
"東京都選挙区","6名(1名)","市川",,"たけしま","いちかわ",,"57歳","日本改革党","https://note.com/uq0820"
"東京都選挙区","6名(1名)","川村",,"ゆうだい","かわむら",,"41歳","公明党","https://lit.link/ykawamura"
"東京都選挙区","6名(1名)","おときた",,"駿",,"しゅん","41歳","日本維新の会","https://x.com/otokita"
"東京都選挙区","6名(1名)","平野",,"雨龍","ひらの","うりゅう","31歳","無所属","https://uryukai.com"
"東京都選挙区","6名(1名)","山尾",,"しおり","やまお",,"50歳","無所属","https://yamaoshiori.jp/"
"東京都選挙区","6名(1名)","ちば",,"ひとし",,,"62歳","日本誠真会","https://www.facebook.com/hitoshi.haseg
awa.986"
"東京都選挙区","6名(1名)","増田",,"昇","ますだ","のぼる","47歳","無所属","http://sites.google.com/view/design-the-
future2025"
"東京都選挙区","6名(1名)","つじ",,"健太郎",,"けんたろう","39歳","無所属連合","https://x.com/kentaro_tsuji"
"東京都選挙区","6名(1名)","早川",,"幹夫","はやかわ","みちお","77歳","西郷党","https://saigoutou.jp/"
"東京都選挙区","6名(1名)","石丸",,"幸人","いしまる","ゆきと","52歳","ＮＨＫ党","https://www.syoha.jp/"
"東京都選挙区","6名(1名)","高橋",,"健司","たかはし","けんじ","54歳","無所属",
"神奈川県選挙区","4名","あや",,"ひさし",,,"78歳","日本誠真会",
"神奈川県選挙区","4名","三好",,"りょう","みよし",,"40歳","れいわ新選組","https://www.miyoshiryo.com"
"神奈川県選挙区","4名","はじかの",,"ひろき",,,"48歳","参政党","https://go2senkyo.com/seijika/188218"
"神奈川県選挙区","4名","あさか",,"由香",,"ゆか","45歳","日本共産党","http://asakayuka.net"
"神奈川県選挙区","4名","河合",,"みちお","かわい",,"35歳","チームみらい","https://team-mir.ai/"
"神奈川県選挙区","4名","かごしま",,"彰宏",,"あきひろ","36歳","国民民主党","https://akagoshima.jp"
"神奈川県選挙区","4名","みしま",,"りえ",,,"64歳","無所属","https://sites.google.com/view/mishimarie"
"神奈川県選挙区","4名","わき",,"雅昭",,"まさあき","43歳","自由民主党","https://waki.link"
"神奈川県選挙区","4名","うつみ",,"さとる",,,"50歳","無所属連合","https://go2senkyo.com/seijika/193748"
"神奈川県選挙区","4名","ちば",,"修平",,"しゅうへい","53歳","日本維新の会","https://www.chibashuhei.com/"
"神奈川県選挙区","4名","金子",,"ときお","かねこ",,"75歳","社会民主党","http://sdpkanagawa.com/"
"神奈川県選挙区","4名","佐々木",,"さやか","ささき",,"44歳","公明党","http://sasaki-sayaka.com"
"神奈川県選挙区","4名","牧山",,"ひろえ","まきやま",,"60歳","立憲民主党","http://makiyama-hiroe.jp"
"神奈川県選挙区","4名","堀川",,"圭輔","ほりかわ","けいすけ","51歳","ＮＨＫ党",
"神奈川県選挙区","4名","畠山",,"たかひろ","はたけやま",,"45歳","日本改革党","https://x.com/hatakeyamaM1J"
"神奈川県選挙区","4名","佐久間",,"こいち","さくま",,"59歳","日本改革党","https://www.nihonkaikaku.com"
"新潟県選挙区","1名","原田",,"公成","はらだ","きみなり","68歳","ＮＨＫ党",
"新潟県選挙区","1名","平井",,"えりこ","ひらい",,"46歳","参政党",
"新潟県選挙区","1名","中村",,"まい","なかむら",,"46歳","自由民主党","https://nakamura-mai.com/"
"新潟県選挙区","1名","打越",,"さくら","うちこし",,"57歳","立憲民主党","https://s-uchikoshi.com/"
"富山県選挙区","1名","田保",,"ともよ","たぼ",,"59歳","参政党","http://sanseito.jp/election_member/tabot
omoyo"
"富山県選挙区","1名","庭田",,"ゆきえ","にわた",,"57歳","国民民主党","https://niwatayukie.jp"
"富山県選挙区","1名","佐藤",,"明","さとう","あきら","50歳","ＮＨＫ党",
"富山県選挙区","1名","どうこ",,"茂",,"しげる","72歳","自由民主党","https://www.douko-shigeru.com"
"富山県選挙区","1名","坂本",,"ひろし","さかもと",,"54歳","日本共産党","https://jcpsk.com"
"石川県選挙区","1名","村田",,"しげる","むらた",,"62歳","日本共産党","https://www.facebook.com/profile.php?id
=100006256449389"
"石川県選挙区","1名","宮本",,"しゅうじ","みやもと",,"54歳","自由民主党","https://shuji-m.com"
"石川県選挙区","1名","はまべ",,"健太",,"けんた","31歳","国民民主党","https://hamabe-kenta.jp/"
"石川県選挙区","1名","小澤",,"正人","おざわ","まさと","49歳","ＮＨＫ党","https://go2senkyo.com/seijika/196447"
"石川県選挙区","1名","牧野",,"みどり","まきの",,"40歳","参政党","https://sanseito.jp/election_member/aut
hor/makinomidori/"
"福井県選挙区","1名","山田",,"かずお","やまだ",,"58歳","日本共産党","https://ameblo.jp/yamada-jcpfukui/"
"福井県選挙区","1名","かずえちゃん",,,,,"42歳","立憲民主党","https://www.kazuechan.info"
"福井県選挙区","1名","たきなみ",,"宏文",,"ひろふみ","53歳","自由民主党","https://www.takinami.info"
"福井県選挙区","1名","浜田",,"智","はまだ","さとし","62歳","ＮＨＫ党","x.com/@kiyuni194"
"福井県選挙区","1名","千田",,"たかひろ","せんだ",,"39歳","参政党","https://www.facebook.com/sanseito.fukui"
"福井県選挙区","1名","おおさか",,"幸太郎",,"こうたろう","57歳","日本保守党",
"福井県選挙区","1名","山中",,"しゅんすけ","やまなか",,"41歳","国民民主党","https://www.yama-shun.net"
"山梨県選挙区","1名","森屋",,"ひろし","もりや",,"68歳","自由民主党","https://www.moriya-hiroshi.com"
"山梨県選挙区","1名","ながた",,"みき",,,"55歳","参政党","https://x.com/miki_440831"
"山梨県選挙区","1名","後藤",,"ひとし","ごとう",,"67歳","国民民主党","https://go510.jp"
"山梨県選挙区","1名","そうだ",,"記史",,"のりふみ","42歳","日本共産党","https://norifumisoda.amebaownd.com"
"山梨県選挙区","1名","舟橋",,"夢人","ふなはし","ゆめと","59歳","ＮＨＫ党","https://twitter.com/funa2784"
"長野県選挙区","1名","竹下",,"ひろよし","たけした",,"42歳","参政党","https://go2senkyo.com/seijika/195114"
"長野県選挙区","1名","藤田",,"ひかる","ふじた",,"35歳","自由民主党","https://hikarufujita.com/"
"長野県選挙区","1名","羽田",,"次郎","はた","じろう","55歳","立憲民主党","https://hatajiro.com/"
"長野県選挙区","1名","山田",,"ゆうじ","やまだ",,"35歳","チームみらい","https://team-mir.ai"
"長野県選挙区","1名","加藤",,"英明","かとう","ひであき","66歳","ＮＨＫ党",
"岐阜県選挙区","1名","服部",,"まなぶ","はっとり",,"54歳","立憲民主党","https://hattorimanabu.jp/"
"岐阜県選挙区","1名","せお",,"えいじ",,,"40歳","参政党","https://go2senkyo.com/seijika/187837"
"岐阜県選挙区","1名","若井",,"あつこ","わかい",,"53歳","自由民主党","https://atsuko-wakai.com"
"岐阜県選挙区","1名","三尾",,"圭司","みお","けいじ","49歳","日本共産党","https://line.me/R/ti/p/@029bxlse"
"岐阜県選挙区","1名","伊藤",,"あゆみ","いとう",,"54歳","無所属","https://www.instagram.com/itoami3?igsh
=YjU1bmFnaHBnaTE3"
"岐阜県選挙区","1名","小池",,"裕之","こいけ","ひろゆき","31歳","ＮＨＫ党","https://houritsunohana.com/seijika"
"静岡県選挙区","2名","しんば",,"賀津也","しんば","かづや","58歳","国民民主党","https://k-shimba.com/"
"静岡県選挙区","2名","村上",,"猛","むらかみ","たけし","74歳","無所属",
"静岡県選挙区","2名","福原",,"志瑠美","ふくはら","しるび","42歳","ＮＨＫ党",
"静岡県選挙区","2名","松下",,"ゆうき","まつした",,"41歳","参政党","https://x.com/ukeymatsushita"
"静岡県選挙区","2名","鈴木",,"ちか","すずき",,"54歳","日本共産党","https://x.com/chikachika_gogo"
"静岡県選挙区","2名","牧野",,"たかお","まきの",,"66歳","自由民主党","https://makino-net.com/"
"静岡県選挙区","2名","山口",,"かなえ","やまぐち",,"46歳","無所属連合","https://www.kanae-yamaguchi.com/"
"愛知県選挙区","4名","つじ",,"恵",,"めぐむ","77歳","れいわ新選組","https://tsujimegumu.com"
"愛知県選挙区","4名","石原",,"悟","いしはら","さとる","75歳","日本の家庭を守る会","https://www.facebook.com/satoru.ishihar
a.31"
"愛知県選挙区","4名","すやま",,"初美",,"はつみ","46歳","日本共産党","https://suyama-hatsumi.jp"
"愛知県選挙区","4名","水野",,"こういち","みずの",,"48歳","国民民主党","https://mizuno.ne.jp"
"愛知県選挙区","4名","酒井",,"やすゆき","さかい",,"73歳","自由民主党","https://www.sakai-yasuyuki.com"
"愛知県選挙区","4名","安江",,"のぶお","やすえ",,"38歳","公明党","https://yasue-nobuo.com"
"愛知県選挙区","4名","横山",,"緑","よこやま","みどり","47歳","ＮＨＫ党","https://www.syoha.jp"
"愛知県選挙区","4名","大西",,"雅人","おおにし","まさと","30歳","社会民主党","https://www.instagram.com/masato_onis
hi_sdp/"
"愛知県選挙区","4名","杉本",,"じゅんこ","すぎもと",,"47歳","参政党","https://go2senkyo.com/seijika/192032"
"愛知県選挙区","4名","広田",,"さくら","ひろた",,"47歳","日本維新の会","https://www.hirotasakura.net"
"愛知県選挙区","4名","そのはら",,"たけし",,,"54歳","日本誠真会","https://facebook.com/the.universe.one?r
ef=tn_tnmn"
"愛知県選挙区","4名","田中",,"かつよし","たなか",,"41歳","減税日本","https://tanaka-katsuyoshi-nagoya.com"
"愛知県選挙区","4名","山根",,"ゆきや","やまね",,"34歳","チームみらい","https://team-mir.ai"
"愛知県選挙区","4名","田島",,"まいこ","たじま",,"48歳","立憲民主党","https://www.maiko-tajima.com"
"三重県選挙区","1名","橋本",,"博幸","はしもと","ひろゆき","42歳","ＮＨＫ党",
"三重県選挙区","1名","吉川",,"ゆうみ","よしかわ",,"51歳","自由民主党","https://yumi-y.main.jp/"
"三重県選挙区","1名","小島",,"とも子","こじま","ともこ","64歳","立憲民主党","https://www.kojima-tomoko.com"
"三重県選挙区","1名","なんば",,"聖子",,"せいこ","45歳","参政党","https://sanseito.jp/"
"滋賀県選挙区","1名","さとう",,"耕平",,"こうへい","43歳","日本共産党","https://www.satokohei.net/"
"滋賀県選挙区","1名","中田",,"あい","なかた",,"46歳","参政党","https://sanseito.jp/election_member/nak
ataai/"
"滋賀県選挙区","1名","宮本",,"かずひろ","みやもと",,"53歳","自由民主党","https://55miyamoto2024.com/"
"滋賀県選挙区","1名","堀江",,"あきら","ほりえ",,"38歳","国民民主党","https://www.horie-akira.com/"
"滋賀県選挙区","1名","おかや",,"京佑",,"きょうすけ","32歳","日本維新の会","https://x.com/okaya_kyosuke"
"滋賀県選挙区","1名","菅原",,"良雄","すがわら","よしたか","47歳","ＮＨＫ党","https://www.facebook.com/gs.hd.3766"
"滋賀県選挙区","1名","藤井",,"隆一","ふじい","りゅういち","60歳","税金とうめい化の党（自分のことし
か考えていない国会議員退場の党）","https://xn--n8jwb0e.com/"
"京都府選挙区","2名","にいみ",,"彰平",,"しょうへい","36歳","日本維新の会","https://niimi-shohei.org"
"京都府選挙区","2名","西郷",,"みなこ","さいごう",,"37歳","れいわ新選組","https://saigominako.com/"
"京都府選挙区","2名","酒井",,"つねお","さかい",,"63歳","国民民主党","https://joyo-sakai.com"
"京都府選挙区","2名","木村",,"嘉孝","きむら","よしたか","50歳","ＮＨＫ党","https://go2senkyo.com/seijika/193829"
"京都府選挙区","2名","谷口",,"あおひと","たにぐち",,"46歳","参政党","https://x.com/tanio_123"
"京都府選挙区","2名","山本",,"わかこ","やまもと",,"57歳","立憲民主党","https://yamamotowakako.jp/"
"京都府選挙区","2名","倉林",,"明子","くらばやし","あきこ","64歳","日本共産党","https://kurabayashi-akiko.jp/"
"京都府選挙区","2名","西田",,"昌司","にしだ","しょうじ","66歳","自由民主党","https://www.showyou.jp/"
"京都府選挙区","2名","二之湯",,"真士","にのゆ","しんじ","46歳","無所属","https://www.ninoyushinji.net/"
"大阪府選挙区","4名","杉",,"ひさたけ","すぎ",,"49歳","公明党","https://sugi-hisatake.com/"
"大阪府選挙区","4名","稲垣",,"ひでや","いながき",,"56歳","新党くにもり","https://x.com/4EBjcmf7kBQjylz/"
"大阪府選挙区","4名","あずま",,"修平",,"しゅうへい","36歳","無所属","https://azumashuhei.com/"
"大阪府選挙区","4名","佐々木",,"りえ","ささき",,"42歳","日本維新の会","https://sasaki-rie.jp"
"大阪府選挙区","4名","橋口",,"かずや","はしぐち",,"55歳","無所属連合","https://go2senkyo.com/seijika/185863"
"大阪府選挙区","4名","上妻",,"敬二","こうづま","けいじ","67歳","救世主作る党","https://www.youtube.com/channel/UCtmjhEx- P6X46fAhXPD9BUw"
"大阪府選挙区","4名","岡崎",,"ふとし","おかざき",,"57歳","日本維新の会","https://futoshi-ishin.com"
"大阪府選挙区","4名","吉野",,"じゅんこ","よしの",,"55歳","日本誠真会","https://nipponseishinkai.jp/"
"大阪府選挙区","4名","平",,"りさこ","たいら",,"34歳","チームみらい","https://team-mir.ai/"
"大阪府選挙区","4名","柳本",,"あきら","やなぎもと",,"51歳","自由民主党","https://www.yanagimotoakira.com"
"大阪府選挙区","4名","武内",,"隆","たけうち","たかし","62歳","ＮＨＫ党","https://www.syoha.jp"
"大阪府選挙区","4名","橋口",,"れい","はしぐち",,"56歳","立憲民主党","https://rei-hashiguchi.cdp-osaka.jp/"
"大阪府選挙区","4名","まさき",,"まき",,,"46歳","日本保守党","https://hoshuto.jp"
"大阪府選挙区","4名","かばた",,"健吾",,"けんご","44歳","れいわ新選組","https://www.kabatakengo.com/"
"大阪府選挙区","4名","宮出",,"ちさと","みやで",,"40歳","参政党","https://x.com/chisato_miyade?s=21&t=6l
fkolFNQW47hOOgG_FcRg"
"大阪府選挙区","4名","わたなべ",,"りお",,,"30歳","国民民主党","https://kokumin-watanabe.jp"
"大阪府選挙区","4名","清水",,"ただし","しみず",,"57歳","日本共産党","https://www.shimizu-tadashi.jp/"
"大阪府選挙区","4名","せと",,"弘幸",,"ひろゆき","73歳","日本改革党","https://www.nihonkaikaku.com"
"大阪府選挙区","4名","世良",,"公則","せら","まさのり","69歳","無所属",
"兵庫県選挙区","3名","きし",,"文男",,"ふみお","65歳","社会民主党","https://kishi-sdpj.jimdofree.com/"
"兵庫県選挙区","3名","うらき",,"けんご",,,"42歳","日本誠真会",
"兵庫県選挙区","3名","ふじわら",,"せいや",,,"37歳","参政党","https://sanseito.jp/election_member/fuji
waraseiya/"
"兵庫県選挙区","3名","かだ",,"裕之",,"ひろゆき","55歳","自由民主党","https://kadahiroyuki.com/"
"兵庫県選挙区","3名","高橋",,"ひであき","たかはし",,"42歳","無所属連合","https://takahashihideaki.com"
"兵庫県選挙区","3名","多田",,"ひとみ","ただ",,"45歳","国民民主党","https://www.hitomi-tada.com"
"兵庫県選挙区","3名","前田",,"みさ","まえだ",,"33歳","チームみらい","https://team-mir.ai/"
"兵庫県選挙区","3名","米村",,"明美","よねむら","あけみ","65歳","れいわ新選組","https://yonemura-akemi.com"
"兵庫県選挙区","3名","高橋",,"みつお","たかはし",,"48歳","公明党","https://takahashi-mitsuo.com"
"兵庫県選挙区","3名","立花",,"孝志","たちばな","たかし","57歳","ＮＨＫ党","https://www.syoha.jp/"
"兵庫県選挙区","3名","よしひら",,"敏孝",,"としたか","44歳","日本維新の会","https://yoshihira-t.jp"
"兵庫県選挙区","3名","泉",,"房穂","いずみ","ふさほ","61歳","無所属","https://izumi-fusaho.com/"
"兵庫県選挙区","3名","金田",,"峰生","かねだ","みねお","59歳","日本共産党","https://www.jcp-hyogo.org/kaneda-mineo"
"奈良県選挙区","1名","かわと",,"やすし",,,"49歳","立憲民主党","https://www.kawatoyasushi.net"
"奈良県選挙区","1名","杉本",,"あおい","すぎもと",,"34歳","国民民主党","https://new-kokumin-nara.jp"
"奈良県選挙区","1名","太田",,"あつし","おおた",,"53歳","日本共産党","http://ota.jcp-nara.jp"
"奈良県選挙区","1名","堀井",,"いわお","ほりい",,"59歳","自由民主党","https://iwao.nara.jp/"
"奈良県選挙区","1名","黒川",,"ようじ","くろかわ",,"53歳","参政党","https://ryoshinjuku.com"
"奈良県選挙区","1名","平",,"まさき","たいら",,"49歳","日本維新の会","https://www.tairamasaki.jp/"
"奈良県選挙区","1名","川崎",,"智之","かわさき","ともゆき","38歳","ＮＨＫ党",
"和歌山県選挙区","1名","前",,"ひさし","まえ",,"69歳","日本共産党","https://jcp-wakayama.com/"
"和歌山県選挙区","1名","にかい",,"伸康",,"のぶやす","47歳","自由民主党","https://nikai-nobuyasu.jp/"
"和歌山県選挙区","1名","望月",,"よしお","もちづき",,"53歳","無所属","https://mochizukiyoshio.jp"
"和歌山県選挙区","1名","浦平",,"よしひろ","うらはら",,"53歳","日本維新の会","https://urahira.com"
"和歌山県選挙区","1名","すえよし",,"あや",,,"54歳","無所属",
"和歌山県選挙区","1名","本間",,"奈々","ほんま","なな","56歳","ＮＨＫ党","https://mannjirou03.wixsite.com/my-site"
"和歌山県選挙区","1名","林元",,"政子","はやしもと","まさこ","51歳","参政党","http://sanseito.jp/election_member/haya
shimoto_masako"
"鳥取県・島根県合同選挙区","1名","中山",,"集","なかやま","あつむ","31歳","国民民主党","https://www.instagram.com/atsumu_nak
ayama/"
"鳥取県・島根県合同選挙区","1名","出川",,"桃子","でがわ","ももこ","47歳","自由民主党","https://www.degawa-momoko.jp"
"鳥取県・島根県合同選挙区","1名","亀谷",,"ゆう子","かめたに","ゆうこ","39歳","日本共産党",
"鳥取県・島根県合同選挙区","1名","倉井",,"克幸","くらい","かつゆき","42歳","参政党","https://sanseito.jp/election_member/kur
aikatsuyuki/"
"鳥取県・島根県合同選挙区","1名","谷口",,"直矢","たにぐち","なおや","47歳","ＮＨＫ党",
"岡山県選挙区","1名","くにとも",,"さよ",,,"33歳","立憲民主党","https://sayosayo.com"
"岡山県選挙区","1名","ひろもり",,"しほ",,,"34歳","参政党","https://sanseito-okayama.jp/"
"岡山県選挙区","1名","こばやし",,"孝一郎",,"こういちろう","47歳","自由民主党","https://koichiro-k.net"
"岡山県選挙区","1名","岩田",,"好明","いわた","よしあき","57歳","ＮＨＫ党","https://x.com/iwa911carrera"
"広島県選挙区","2名","うぶはら",,"としふみ",,,"57歳","無所属","https://x.com/tubuhara_san"
"広島県選挙区","2名","高見",,"あつみ","たかみ",,"73歳","日本共産党","https://jcphiro.com/?page_id=38"
"広島県選挙区","2名","森本",,"しんじ","もりもと",,"52歳","立憲民主党","https://morimori.net"
"広島県選挙区","2名","西田",,"ひでのり","にした",,"43歳","自由民主党","https://www.nishitahidenori.jp/"
"広島県選挙区","2名","谷本",,"誠一","たにもと","せいいち","69歳","無所属連合","https://shizen-kyosei.jp"
"広島県選挙区","2名","玉田",,"のりたか","たまだ",,"67歳","無所属","https://touyodai.jp/"
"広島県選挙区","2名","こいし",,"美千代",,"みちよ","56歳","参政党","https://x.com/michiyo_koishi_?S=11&t=s
aa5H9wiQXxo5r8ohtUm9w"
"広島県選挙区","2名","堤",,"美登里","つつみ","みどり","68歳","ＮＨＫ党","https://x.com/midorint"
"広島県選挙区","2名","はんどう",,"大樹",,"たいき","50歳","れいわ新選組","https://x.com/handotaiki"
"広島県選挙区","2名","上子",,"亨","うえこ","とおる","48歳","無所属","https://x.com/jyousitooru16?s=11"
"山口県選挙区","1名","北村",,"つねお","きたむら",,"70歳","自由民主党","https://www.tsuneo-kitamura.com/"
"山口県選挙区","1名","やまさき",,"珠江",,"たまえ","47歳","参政党","https://www.sanseito-yamaguchi.jp/"
"山口県選挙区","1名","奥野",,"信治","おくの","しんじ","47歳","ＮＨＫ党","https://x.com/nhkokuno/status/1939627738392101186?s=46 &t=zr8HvA_oCmGcR6G_Se1yeg"
"山口県選挙区","1名","とくら",,"たかこ",,,"66歳","無所属","https://tokuratakako.jp/"
"山口県選挙区","1名","せきたに",,"拓馬",,"たくま","35歳","国民民主党","https://go2senkyo.com/seijika/195924"
"徳島県・高知県合同選挙区","1名","大石",,"宗","おおいし","しゅう","44歳","自由民主党","https://oishi-shu.com"
"徳島県・高知県合同選挙区","1名","広田",,"一","ひろた","はじめ","56歳","無所属","http://hirota1.com"
"徳島県・高知県合同選挙区","1名","金城",,"みきひろ","きんじょう",,"43歳","参政党","https://sanseito.jp/election_member/kinj
omikihiro/"
"徳島県・高知県合同選挙区","1名","中島",,"康治","なかじま","やすはる","46歳","ＮＨＫ党",
"香川県選挙区","1名","町川",,"ジュンコ","まちかわ",,"66歳","無所属","http://machikawa.com"
"香川県選挙区","1名","原田",,"ひでかず","はらだ",,"52歳","国民民主党","https://www.harada-hidekazu.jp/"
"香川県選挙区","1名","小林",,"なおみ","こばやし",,"51歳","参政党","https://www.kobayashi-naomi.com"
"香川県選挙区","1名","三宅",,"しんご","みやけ",,"63歳","自由民主党","https://www.miyakeshingo.jp/"
"香川県選挙区","1名","長尾",,"まさき","ながお",,"36歳","日本共産党",
"香川県選挙区","1名","野呂",,"美和子","のろ","みわこ","61歳","ＮＨＫ党",
"愛媛県選挙区","1名","ながえ",,"孝子",,"たかこ","65歳","無所属","https://nagaetakako.com/"
"愛媛県選挙区","1名","うえの",,"由佳",,"ゆか","30歳","自由民主党","https://uenoyuka.com/"
"愛媛県選挙区","1名","原田",,"しんたろう","はらだ",,"35歳","参政党","https://sanseito.jp"
"愛媛県選挙区","1名","斉藤",,"博樹","さいとう","ひろき","52歳","ＮＨＫ党",
"愛媛県選挙区","1名","川端",,"ゆうすけ","かわばた",,"35歳","チームみらい","https://team-mir.ai/"
"福岡県選挙区","3名","とみなが",,"正博",,"まさひろ","47歳","日本誠真会","https://1link.jp/tominaga_masahiro"
"福岡県選挙区","3名","中田",,"ゆうこ","なかだ",,"35歳","参政党","https://sanseito.jp/election_member/nak
adayuko/"
"福岡県選挙区","3名","村上",,"成俊","むらかみ","なりとし","54歳","ＮＨＫ党","https://murakami-n.com/"
"福岡県選挙区","3名","野田",,"くによし","のだ",,"67歳","立憲民主党","https://www.nodakuniyoshi.net"
"福岡県選挙区","3名","かわもと",,"健一",,"けんいち","45歳","国民民主党","https://kk.kokumin-fukuoka.jp/"
"福岡県選挙区","3名","しもの",,"六太",,"ろくた","61歳","公明党","https://shimono-rokuta.jp/"
"福岡県選挙区","3名","伊藤",,"博文","いとう","ひろふみ","56歳","日本維新の会",
"福岡県選挙区","3名","森",,"けんたろう","もり",,"47歳","日本保守党","https://moriken3.com/"
"福岡県選挙区","3名","沖園",,"リエ","おきぞの",,"50歳","れいわ新選組","https://www.okizono.com/about-5"
"福岡県選挙区","3名","なす",,"敬子",,"けいこ","65歳","社会民主党","https://sdp-fukuoka.jpn.org/2025hoc-
nasu"
"福岡県選挙区","3名","古川",,"あおい","ふるかわ",,"34歳","チームみらい","https://team-mir.ai/"
"福岡県選挙区","3名","松山",,"まさじ","まつやま",,"66歳","自由民主党","https://www.matsuyama-masaji.jp/"
"福岡県選挙区","3名","山口",,"ゆうと","やまぐち",,"35歳","日本共産党","https://yamaguchi-yuto.jp/"
"佐賀県選挙区","1名","松尾",,"芳治","まつお","よしはる","47歳","ＮＨＫ党",
"佐賀県選挙区","1名","富永",,"あけみ","とみなが",,"51歳","立憲民主党","https://go2senkyo.com/seijika/165884"
"佐賀県選挙区","1名","山下",,"雄平","やました","ゆうへい","45歳","自由民主党","https://lin.ee/MZJVdP3"
"佐賀県選挙区","1名","しもひごし",,"優也",,"ゆうや","32歳","参政党",
"長崎県選挙区","1名","つつい",,"涼介",,"りょうすけ","31歳","日本共産党","https://jcpngsk.main.jp"
"長崎県選挙区","1名","古賀",,"友一郎","こが","ゆういちろう","57歳","自由民主党","https://koga-yuichiro.jp"
"長崎県選挙区","1名","黒石",,"隆太","くろいし","りゅうた","33歳","参政党","https://www.kuroishiryuta.com"
"長崎県選挙区","1名","たかや",,"きくお",,,"63歳","日本誠真会","https://nipponseishinkai.jp/"
"長崎県選挙区","1名","深堀",,"ひろし","ふかほり",,"59歳","国民民主党","https://www.fukahorihiroshi.net/"
"長崎県選挙区","1名","神谷",,"幸太郎","かみや","こうたろう","49歳","ＮＨＫ党",
"熊本県選挙区","1名","立花",,"勝樹","たちばな","まさき","57歳","ＮＨＫ党","https://www.syoha.jp"
"熊本県選挙区","1名","馬場",,"せいし","ばば",,"60歳","自由民主党","https://babaseishi.jp"
"熊本県選挙区","1名","山口",,"誠太郎","やまぐち","せいたろう","36歳","参政党","https://sanseito.jp"
"熊本県選挙区","1名","かまた",,"さとる",,,"60歳","立憲民主党","https://s-kamata.com"
"大分県選挙区","1名","白坂",,"あき","しらさか",,"59歳","自由民主党","https://shirasakaaki.jp"
"大分県選挙区","1名","野中",,"しんすけ","のなか",,"38歳","参政党","https://x.com/nonaka_shin"
"大分県選挙区","1名","あべ",,"まさお",,,"46歳","日本誠真会","https://abeya-type38.com"
"大分県選挙区","1名","二宮",,"大造","にのみや","たいぞう","54歳","ＮＨＫ党","https://x.com/TAIZONINOMIYA"
"大分県選挙区","1名","吉田",,"ただとも","よしだ",,"69歳","立憲民主党","https://tadatomoyoshida.jp"
"宮崎県選挙区","1名","北川",,"哲平","きたがわ","てっぺい","44歳","ＮＨＫ党","https://www.syoha.jp"
"宮崎県選挙区","1名","しげい",,"くにあき",,,"43歳","参政党","https://sanseito.jp"
"宮崎県選挙区","1名","山内",,"かなこ","やまうち",,"44歳","立憲民主党","https://yamakana.net"
"宮崎県選挙区","1名","ながみね",,"誠",,"まこと","55歳","自由民主党","https://www.nagaminemakoto.com"
"鹿児島県選挙区","1名","おつじ",,"ともみ",,,"44歳","無所属","https://otsujitomomi.com"
"鹿児島県選挙区","1名","まきの",,"俊一",,"しゅんいち","39歳","参政党","https://makinoshun1.hp.peraichi.com/sa
nseito"
"鹿児島県選挙区","1名","そのだ",,"修光",,"しゅうこう","68歳","自由民主党","https://shuko-sonoda.com"
"鹿児島県選挙区","1名","山本",,"貴平","やまもと","たかひら","50歳","ＮＨＫ党","https://x.com/NHK29"
"沖縄県選挙区","1名","おくま",,"亮",,"りょう","38歳","自由民主党","https://okumaryo.net"
"沖縄県選挙区","1名","真喜志",,"雄一","まきし","ゆういち","34歳","ＮＨＫ党","https://twitter.com/makishi_yuichi"
"沖縄県選挙区","1名","和田",,"ともひさ","わだ",,"65歳","参政党","https://sanseito.jp/election_member/wad
atomohisa/"
"沖縄県選挙区","1名","タカラ",,"さちか",,,"46歳","無所属","https://takara-sachika.jp/"
"沖縄県選挙区","1名","ヒガ",,"タカシ",,,"47歳","無所属",
,,,,,,,,,
"※東京都の()書は、通常選挙と合併して行われた補欠選挙の選挙すべき議員の数で外書である。",,,,,,,,,
